First Name,Last Name,Gender,Age,Email
Ravya,Mahajan,F,23,ravya@gmail.com
Nikita,Desai,F,24,nikita@gmail.com
Saroj,Khan,F,23,saroj@gmail.com
Kishan,Kumar,M,25,kishan@gmail.com
Rahul,Sharma,M,26,rahul@gmail.com
